The three things every good orgy has,"scented oils|a non-disclosure agreement|disgraced politician 
a secret entrance|ornate masks|sense of whimsy 
a teddy bear costume|a tub of Skittles|a Jonas Brother",no,yes
The three things you must do to survive a zombie apocalypse,"find a safe place|help strangers|learn humanity is real monster 
hunker down|play video games|hope this all blows over 
dress like sexy zombie|get zombie's attention|hit with cartoon mallet",no,no
The only three things that can bring true happiness,"money|money|money 
true love|a puppy|TikTok videos 
a monkey|monkey on roller skates|farting monkey on skates",no,no
The three worst Halloween costumes to make “sexy”,"sexy pimple|sexy earthworm|sexy earwax 
sexy lobster|sexy constipation|sexy spoiled milk 
sexy cyst|sexy ingrown toenail|sexy pink eye",no,yes
The three most painful ways a squirrel can hurt you,"bite your ears|scratch your eyes|ruin your credit 
chew your internet cable|chew your electricity cable|poop in your pillow 
throw acorns at you|throw garbage at you|throw insults at you",no,no
"Like anger or denial, the three stages of grief that weren’t mentioned by Kübler-Ross","cake eating|ice cream eating|ice cream cake eating 
gambling|mountain climbing|yelling at video games 
blaming yourself|realizing you are to blame|destroying evidence",no,no
The three things you can say to defuse a tense hostage situation,"but is this your card?|No really. Look|I'll be here all week 
knock knock|interrupting cow|mooo! 
you like Frasier?|I think you'd like Frasier|Sending in DVDs of Frasier",no,no
The three things you need to do to be a good dog... such a good dog,"sit up|roll over|solve crimes 
fetch a stick|fetch a ball|stop trying 2 make fetch happen 
sit|stay|manage my retirement fund",no,no
The three things on The Almighty’s to-do list today,"think about redesigning birds|stop that asteroid|chill in the afternoon 
get some coffee|check social media|go back to bed 
mow the lawn|take surf lessons|meet the gang for tacos",no,no
The 3 R’s of a successful fast food franchise,"relish|ranch|red tomato paste 
rich flavor|rushed service|random hugs 
reheat the fries|refill the ball pit|reuse the grease",no,no
Three commandments that didn’t make the cut,"don't hate|be cool|wash hands 
no more clothes|no more money|lots more chicken nuggets 
Taco Tuesday is holy|thou shalt not be creepy|thou shalt brag about marathons",no,no
The three steps to a successful breakup,"meet in public place|make eye contact|disappear in smoke bomb 
be honest|not that honest|just say you're moving 
tell them it's you|not them|but it could be them",no,no
The three things Batman insists on doing every day,"kicking butt|taking names|adopting young wards 
working out|solving crime|struggling with latex 
brooding|scowling|repeat",no,no
Three unnecessarily explicit names for cocktails,"super buttery nipple|the nude lady|the ""I Want Sex"" and Tonic 
butts and soda|boobs-ahol|harvey wallbanger part II 
sex and soda|erotic beer|the wienertini",no,yes
The three things you MUST do to survive a bear attack,"stop|drop|get up and run 
hide in a cave|realize it's HIS cave|find new cave 
dress as sexy bear|marry bear|escape on 15th anniversary",no,no
A baby’s three first words that would raise much concern,"I|remember|everything 
bring|me|ham 
You'll|all|pay",no,no
Three toppings Baskin-Robbins will never offer,"croutons|shaved carrots|black olives 
hot fidge|churries|spronkles 
motor oil|spark plugs|a functional hemi engine",no,no
The three most annoying habits in the world,"lip smacking|knuckle cracking|finger licking 
humming|humming loudly|humming loudly while operating 
spitting|nose picking|playing banjo",no,no
The three steps to castrating a horse,"read books|ask experts|eat a light breakfast 
greet horse|apologize|snip 
put on gloves|shave area|ask yourself how you got here",no,yes
The three hardest things about being Mario,"nightmares about Bowser|rash from shooting fireballs|bad credit 
constantly itchy mustache|all that jumping bad for knees|can't focus on plumbing 
remembers every time he dies|not using his podiatry degree|can't start singing career",no,no
The three nicknames every frat brother tries to give himself,"Crosby|Stills|Nash 
Big Dog|Cool Cat|Mean Rabbit 
Ham Bone|Silly String|Petunia",yes,no
Three words that would make effective horror movie titles,"Bugs|Snakes|Life 
Blood|Guts|Improv 
Stab|Shriek|Marriage",no,no
Three theme parks more dangerous than Jurassic Park,"Murder Land|Punching Park|Broken Glass Garden 
Jurassic World|Jurassic Universe|Jurassic Reality 
Lava Land|Lightningville|Car Crash Canyon",no,no
The three things Canada is the world leader in,"beer|politeness|Torontos 
moose|caribou|deer, in general 
fir trees|Ryan Reynolds|that's it?",no,no
The three things you’d immediately do if you inherited one billion dollars,"bring back dinosaurs|but real small|i mean pocket-sized 
eliminate disease|eliminate hunger|but then buy a roller coaster 
put brain in robot body|conquer world|realize I was happy before :(",no,no
"The three rules of making money are <BLANK>, <BLANK>, <BLANK>","No shirt|no shoes|no service 
lather|rinse|repeat 
have good idea|market it|steal better idea",no,no
"Three steps essential to any good exercise routine are <BLANK>, <BLANK>, and <BLANK>","Hydration|Perspiration|wiping down bench for once 
High reps|low weight|tons of energy bars 
blasting the pecs|blasting the quads|a good chiropractor",no,no
Three super-luxury services only available at the finest of hotels,"Mineral water|white noise machines|spooning 
rooftop views|stock assessments|hunting most dangerous game 
tax cuts|continental money laundering|free ""one percenter"" tattoo",no,no
"Let’s be honest: the only things you really need to become a lawyer are <BLANK>, <BLANK>, and <BLANK>","money|money|more money 
time|passion|the last name ""Attorney"" 
thumbs|suspenders|thick, texas accent",no,no
"Allow me to introduce my three toughest henchman: <BLANK>, <BLANK>, and <BLANK>","Knuckles|Punchy|Mean Tweets 
Max the Axe|Henry the Hammer|Lil' Stinker 
Crusher|Grinder|Soft Jazzer",no,no
The three forgotten steps in the Cha-Cha Slide,"slide to the middle|jump 20 times|back flip 
shimmy|shake|Macarena 
lay down|snooze|wake up in distant future",yes,no
"The next three characters they should add to Super Smash Bros. are <BLANK>, <BLANK>, and <BLANK>","The|Pep|Boys 
Sonic|Dr. Eggman|Shirtless Mario 
Godzilla|Mecha-Godzilla|Elmo",no,no
Three bad names for a kitten,"Mr. Puppy|Spanish Flu|cumulonimbus 
Gerald|Stinky|Rabies 
Grapefruit|Cumulonimbus|Ol' Fungus Foot",no,no
"Need to calm down after an argument? Just <BLANK>, then <BLANK>, and <BLANK>","light candles|pour tea|bury your rage 
inhale|exhale|expel 
stand up|breathe deep|leave the buffet",no,no
"So you’ve “totally read the Bible,” huh? Then name THREE characters from it.","Jesus|Jesus' friend|Jesus' mom 
God|is technically|three guys 
Doc|Biff|Marty",no,no
Three names that could either be for a dog or an adult toy,"Spot|Rex|Rabbit 
Powerdrive|Lightning|Mr. Happy 
Ruff Ruff|Sparky|Sir Barks-A-Lot",no,yes
"Bad news: they now take away your “cool card” if you like <BLANK>, <BLANK>, or <BLANK>","reading|writing|arithmetic 
books|movies|your parents 
cargo shorts|boat shoes|carrying a ""cool card""",no,no
Three things that probably won’t exist in twenty years,"bananas|polar bears|internet comments, hopefully 
elephants|rhinos|but T-Rex's are coming back 
pollution|anxiety|The Paw Patrol",no,no
Three things the worst couple you know always brings to dinner parties,"forks|good wishes|their poetry 
someone else's kids|stomach flu|a timeshare opportunity 
non-alcoholic wine|non-alcoholic beer|non-alcoholic Jagermeister",no,no
Three things on Vladimir Putin’s weekly shopping list,"eggs|milk|local government officials 
two planes|a dozen bombs|Ben & Jerry's ice cream 
camera|horse|no shirt",no,no
Three things you should NEVER leave in someone’s bathroom,"a review|your... you know|your phone number 
Christmas presents|Birthday presents|unless they never look there 
stray hairs|stray fingernails|stray teeth",no,no
"Three names of exercises in CrossFit, probably","knee blaster|the sweat maker|leg jellier 
mountain lifts|the strainsies|the near death experiences 
the credit card charger|the merch push|the friend shamer",no,no
The three big milestones Gen Z kids will experience,"love|laughter|rising oceans 
kids|travel|probably a meteor 
World War 3|Climate Change|mechanical werewolves",no,no
Three keywords that would most certainly pull up <ANYPLAYER> on the first page results,"nice|so nice|too nice, honestly 
smart|very smart|too smart for flattery 
bank|robbery|seriously, look it up",no,no
The three worst jobs in hell,"calculus teacher | data entry specialist | liverwurst tester 
Satan's masseuse | Satan's bathroom attendant | devil's advocate 
Twitter reader|bathroom licker|skunk sniffer",no,no
Three things that usually only happen after 3 AM,"late night diner orders|greasy eggs|heartburn 
vampires head back to crypts|werewolves start changing back|mummies just do their thing 
the streets quiet down|businesses close|the rats paaaaaartaaaay",no,no
"You could never date someone who <BLANK>, <BLANK> or <BLANK>","hates karaoke|eats unsalted peanuts|hates penguins 
licks their fingers|licks their mouth|licks anything. ewww 
hangs out the passenger side|of his best friend's ride|trying to holler at me",no,no
The three steps required to bake the worst loaf of bread,"preheat oven|mix dough|stir in old dental floss 
mix in yeast|mix in uranium|JK that's dangerous 
buy ingredients|mix thoroughly|pour directly in toilet",no,no
Three ways to take your next book club meeting up a notch,"a book about werewolves|a treasure map|a seventh bottle of wine! 
an alien abduction|an emergency appendectomy|nacho buffet 
audiobooks only|or TV shows|or just cancelling it",no,no
Three things that’ll melt your heart EVERY. DANG. TIME.,"kittens|puppies|the kitten puppy jamboree 
a baby's laugh|a romantic slow dance|i'm so lonely 
a romantic comedy|a romantic drama|a romantic horror film",no,no
The three unique things you offer the world are...,"a sense of humor|a great smile|some slamming haiku 
banana bread recipes|sourdough recipes|no, people are sick of those 
a shoulder to cry on|a shoulder to lean on|I only have two shoulders",no,no
The three steps to becoming TikTok famous,"download TikTok|become 20 years younger|do stuff 
find a song|dance|repeat 
see what people are doing|do that|but louder",no,no
"The nation’s top three internet searches, probably","singles in my area|singles outside my area|will a cat make me happy? 
are UFOs real|is Bigfoot real|am I real 
how to juggle|how to juggle chainsaws|emergency rooms near me",no,no
Three things that only get better with age,"cheese|wine|some sort of cheese wine 
old friends|old jokes|wait, no they don't 
kittens|puppies|whatever baby swans are called",no,no
Three ways to jazz up your boring old water,"oranges|cucumbers|rusty nails 
carbonate it|shake it|drown a town with it 
drink it on roller coaster|put a fish in it|drop a bottle rocket in it",no,no
"The world would be better if we had less <BLANK>, <BLANK>, and <BLANK>","war|crime|floppy chicken strips 
people|places|things 
reality shows|reality stars|reality",no,no
The three golden rules of the trampoline gym,"no double bouncing|socks on|you break it you buy it 
don't break anything|no suing|have fun 
no jumping with food|no jumping with drinks|no jumping with full bladder",no,no
What are the three things you need for the BEST. BACHELOR PARTY. EVER!!!???,"drinks|pals|a doctor on speed dial 
cigars|champagne|fluids 
cheap wine|a small bear|a strong survival instinct",yes,no
You know you’re about to have a bad day on Twitter if you see these three hashtags,"killerbees|#beeattack|#definitelynotabee 
death|#destruction|#softjazz 
asteroid|#gettingcloser|#bunkersale",no,no
Three flaws that should disqualify you from holding political office,"loves to lie|hates citizens|addicted to money 
can't do math|won't read|allergic to science 
sounds annoying|smells bad|tastes delicious",no,no
The top three crimes committed in mermaid society,"piracy|ship wrecking|wet murder 
whaling|sharking|catfishing 
stealing lobsters|kidnapping squids|forging tuna",no,no
Three ways to “make love” without physical contact,"intense stares|severe smiles|hardcore winks 
write them a poem|sing them a song|build them a ham 
whisper secrets|shout declarations|sing dirty words",no,yes
The three steps to bringing back the dinosaurs,"buy a lizard|feed him a lot|now feed him more 
buy cake|throw welcome back party|hope they show up 
tell kids they're not cool|tell them you forbid them|hear dinosaur roar in basement",no,no
"After the first seven, what are the next three deadly sins?","messiness|poor manners|finger smelling 
apathy|disinterest|being too cool for school 
bad dresser|clumsiness|kind of a jerk",no,no
She’s amazing! ...but what three roles would challenge even Meryl Streep?,"Batman|the Lone Ranger|some lady named Sophie 
a mean lady|an unpleasant woman|someone I'm not in love with 
Deadpool|Pikachu|Blake Lively's husband",no,no
Three deep thoughts a sloth has on an average day,"I love this branch | could stay here all day | yes, I think I will 
snakes on the ground |need to poop | I can hold it 
what day is it?|Wednesday?|whoops, now it's Thursday",no,no
The top three subjects in sad country songs,"wife left me | she took the dog | and my Chevy pickup 
whiskey | rain | drinking whiskey in the rain 
truck problems|money problems|boot/hat problems",yes,no
The three main goals in your first term as Ruler of Earth,"get a really cool throne|send enemies into space|free ice cream for all 
outlaw birds|hate the silence|DNA engineer new birds 
make every day Tuesday|name everyone Tony|free Showtime for everybody",no,no
The three stupidest accessories to force your dog to wear,"nose ring|bangle bracelets|diving watch 
a sailor hat|a sailor suit|inflatable Popeye arms 
a cat costume|roller skates|I'm With Stupid shirt",no,no
Three Wi-Fi networks you do not want to connect to,"TakeMyWiFi|ManAndWiFi|MyWIFI!!! (in Borat voice) 
Russian_Hackerz|StealinData|PerfectlySafeWiFi 
TheWhiteHouse|Penta_Gone|TreasonRus",no,no
Three internet searches you need to clear IMMEDIATELY,"drugs|drug money|Sexy Spongebob 
how to tell if dead?|where to hide body|new identity 
should I crime?|best places to crime|how to do 2nd crime",no,no
Three things you can be besides talented,"rich|pretty|confident 
depressed|angry|a mannequin 
tall|interesting|an influencer",no,no
The first three events in the Mom Decathlon,"Kid Pickup|Dish Toss|Power Nap 
Laundry Lunge|Supermarket Sweep|vaulting the patriarchy 
Zoom meeting|De-stress|guilt kids into chores",no,no
The three rudest things to microwave at work,"tin foil|tuna casserole|Iron Man 
fish|fermented vegetables|stink meat 
old fries|stale burritos|unpoppable-corn",no,no
Three things a cowboy would say besides “Howdy”,"y'all|go on|horse 
spittoon|g'day|rattler 
stampede!|cattle rustlers|i'm emotionally distant",yes,no
The names of three “long-lost” Kardashians,"Kevin|Klayton|Paul 
Kymberlin|Katie|Kale 
Larry|Curly|Moe",yes,no
The three names they thought up before landing on “Dress Barn”,"Blouse Corral|Pants Field|Skirt Silo 
The Frill World|Pleat Street|The Skirt Locker 
Gown Town|The Garmentarium|Attire Fire",yes,no
The three worst two-word texts you could receive,"You up?|Miss You|I'm Dead 
Bees here|Bees everywhere|Lost bees 
Love you|Wait, sorry|Like you",no,no
The three most satisfying things to scream from a mountaintop,"I'm king of the world|Yippie-Ki-Yay|I'm pregnant 
I'm free|I love you|I lost my contact 
Sarah!|The truth is out there|Riiiiiiicola!",no,no
Three words that can describe both a person and a pair of jeans,"skinny|relaxed|boyfriend 
small|stiff|stone-washed 
boot cut|high-wasted|worn-out",no,no
Three things you should never stuff a taco with,"regret|spent uranium|cilantro 
dead bugs|live bugs|unless you like it 
gummy bears|gummy worms|just avoid ""gummy"" altogether",no,no
Three things they discourage you from doing in the Grand Canyon,"yelling ""poopie""|taking rocks home|filling it in with cement 
calling it ""The Great Canyon""|telling kids Santa lives here|throwing pennies in 
calling your burro ""a donkey""|acting unimpressed|acting like you don't see it",yes,no
The three things we all need to do to save planet Earth,"eat less meat|use less gas|give up after a couple of days 
plant more trees|let them grow|see if they have ideas 
have a big concert|raise a lot of money|buy a new planet",no,no
Three things all historians will remember the 21st century for,"Twitter fights|hard seltzer|the robot uprising 
Earth getting ruined|settling Mars|Mars getting ruined 
the end of baseball|the end of hockey|the emergence of hockball",no,no
Three rejected games for The Price Is Right,"Eat the Bugs!|Wrestle Drew Carey For A TV|Spay or Neuter? 
Skin Tag Scramble|Toilet Trials|Lick the Wheel 
Four Hour Plinko|Snake Catch|Bench Press For $$$",yes,no
"Three words that are only funny to you guys, apparently","squeeze|flarp|toodles 
howdy|bonjour|decorum 
stinky|boogers|Belgium",no,no
The three lamest super powers would be...,"garbage vision|sonic farts|partial invisibility 
mom telekinesis|light floating|cilantro sensitivity 
super strong toes|ability to talk to moss|super fast coupon clipper",no,no
The top three things your parents lied to you about,"drugs|alcohol|happiness 
how they met|how you were conceived|how much the car cost 
their trip to New Mexico|the UFO|where you came from",no,yes
The three things you demand of any lover,"a nice smile|a good attitude|a large inheritance 
a sense of humor|a gentle heart|a willingness to bury evidence 
a love of art|a love of my art|a love of my clown art",no,yes
"Forget food, water and shelter. The three things you need to survive are...","long naps|puppy photos|no judgment 
cheap beer|cheap meat|cheap cardiologists 
a magic amulet|a sassy, talking zebra|a nose for adventure",no,no
Three things you’ll probably never hold in your hand,"the holy grail|no wait, that's the holy grail|I chose poorly 
One million dollars|A dinosaur egg|The respect of my father 
A giant diamond|A formula for endless energy|the perfect slice of pizza",no,no
Three things currently in the US President’s pocket,"a watch|keys|nuclear codes 
a handkerchief|ten dollars|country's to-do list 
a cough drop|seven nickels|keys to the White House",yes,no
"When you think about it, there are ONLY three emotions. They are...","anger|sadness|a combo of 1 and 2 
hungry|thirsty|gassy 
angry|apologetic|ready to get angry again",no,no
The only three things in life worth getting mad about,"sports|taxes|slight changes to superheros 
a Twitter fight|the government|the similarity of #1 and #2 
cold weather|hot weather|only have weather to talk about",no,no
Three things EVERYONE can agree on these days,"roses are red|violets are blue|close your mouth when you chew 
fire is hot|water is wet|these will be debated soon 
nobody|agrees|anymore",no,no
The three most common things people scream while skydiving out of a plane,"Never again!|This was a mistake!|I'm referring to my marriage! 
Stupid gravity!|I hate air!|Birds are overrated 
Come Fly with Me|Free Bird|All the Single Ladies",no,no
Three weird fashion trends that’ll never catch on,"pantsless pants|shirtless shirts|skorts 
combustible hats|meat scarves|cargo shorts 
belly button bowties|nose socks|extra sleeves",no,no
Three really ineffective safe words,"good|great|love it 
Daniel|Day|Lewis 
hmmmm|ok|sure",no,yes
The three best birthday gifts for a very sad man,"tissues|hankies|an imaginary friend 
a new phone|a phone stand|a promise to call 
a cactus|a cat|a mannequin to talk to",no,no
The three worst materials to build your house out of,"cotton candy|gum|good wishes 
hay|sticks|staples 
love|hate|asbestos",no,no
Three terrible names for a new cereal brand,"Regular Flakes|No Pops|Unlucky Charms 
Fiber Plus|Bran-tastic|Too Many Oats 
Milk Friends|Bowl Pals|Spoon Chums",no,no
Three other places to shout “I object!” besides a courtroom,"Waiting in supermarket line|Stepdad's house|DUI test 
In a crowded elevator|In a bully's headlock|In a non-smoking zoo 
At the end of a bad movie|In an expensive restaurant|While getting married",yes,no
Three Chevy car models recalled for being “too awesome”,"The Rocket|The Hammer|The Overcompensater 
The Jewel|The Diamond|The Super Camaro 
The Good Car|The Better Car|The Best Car",yes,no
Three things you’ll find at the Queen’s yard sale,"crown|throne|perfectly good sweater 
rugs|silverware|Scotland 
motorcycle|ripped jeans|DJ turntables",no,no
The three things you have to do as Darth Vader’s intern,"get coffee|clean helmet|crush the rebellion 
dry clean cape|pick up donuts|oil mechanical parts 
wash his spaceship|schedule appointments|repair relationship with kids",no,no
Three skateboard tricks you should NEVER try,"The Face Planter|The Knee Exploder|The Sudden Death 
The Tooth Loosener|The Concrete Meeter|The Bone Buster 
The Hurt Locker|The Time Traveler|The Cute Kitten",no,no
"There are three types of people in the world: <BLANK>, <BLANK>, and <BLANK>","Single people|People in relationships|Guys that own a tarantula 
Non-conspiracy theorists|Conspiracy theorists|Lizard people 
winners|losers|werewolves?",no,no
The three steps to surgically removing your own appendix,"Find your sharpest steak knife|Down a bottle of whiskey|Mutter ""here goes nothing"" 
Poke around in your guts|Yank out your appendix|Realize that was your spleen 
Read book|Chicken out|Hope it all works out",no,no
Three rejected chicken nugget shapes,"hot dogs|the Sphinx|a sad turtle 
fruit|vegetables|a map of Middle Earth 
big butts|little butts|any butt, really",no,no
Three things a robot will need to master before they can be “human”,"being happy|being sad|crying at random commercials 
constantly being late|making up lame excuses|wondering why you got fired 
driving in rush hour traffic|getting mad at another driver|letting that ruin your day",no,no
Three things to put on your wall to show how manly you are,"Beer cans|deer head|ten Reservoir Dogs posters 
road signs|jerseys|loose protein powder 
a weight bench|Y chromosomes|repressed emotions",no,no
Yeehaw! What’re three things a good rodeo dang sure oughta have?,"cool cows|big hats|chasing clowns 
popcorn|peanuts|meat of unknown origin 
the smell of fried food|the smell of manure|the smell of belt buckles",yes,no
Three things you’ll find in your aunt’s bathroom... RIGHT NOW,"sea shells|painting of a boat|skull of a drowned sailor 
toilet|toilet paper|but single ply! 
potpourri|potpourri soap|potpourri toothpaste",no,no
Three things that instantly ruin a shirt,"chocolate|grape juice|catching on fire 
ink|paint|probably uranium 
drying on high|bleach|creating it in Tee K.O.",no,no
Three things one billion tickets will get you at the arcade prize counter,"nice erasers|a snap bracelet|the US Presidency 
the stuffed tiger|the SpongBbob T-Shirt|a million finger puppets 
a sports car|a three bedroom condo|an appendectomy",yes,no
"Wanna win the Kentucky Derby? The best horse trainers never let their horses <BLANK>, <BLANK>, or <BLANK>","drink booze|eat cheeseburgers|subscribe to Netflix 
take wide turns|start late|bet on the other horses 
get cocky|smack talk|believe its own hype",yes,no
Three odd outfit choices for a horror movie slasher to wear,"three piece suit|ball gown|rented tuxedo 
just jeans|just a shirt|just socks 
cowboy hat|pirate hat|beret",no,no
Three items you always see in the background of adult films,"don't know|never seen them|I swear 
boom mic|camera reflection|camera man's thumb 
fake dorm room|fake classroom|fake graduation ceremony",no,yes
"Based on your deeds, the three most likely things you’ll be reincarnated as in your next life","a beer fridge | reclining lounge chair | Nintendo Switch 
a turtle|a snail|maybe a unicorn 
a squirrel|a bat|the world's first bat-squirrel",no,no
The three gifts every dad secretly wants for Father’s Day,"bacon|meat|bacon-wrapped meat 
a sports hat|a sports shirt|sports in a pill 
a #1 dad mug|a #1 dad tie|a place to cry",yes,no
The three terms the cool kids are using for constipation these days,"butt blocks|no goes|hard times 
anti-diarrhea|log jams|pushies 
ouchers|strainers|eye-bulgers",no,no
"Three extracurricular activities at a really, really, really rich high school","Competitive Investing|Dressage|Art Acquisition 
Jewel Cleaning|Money Laundering|Baseball Team Ownership 
Butler Berating|Stock Market Watch Party|Pampering 101",yes,no
Three signs that your neighbor is upset with you,"Tall fence|angry looks|late night bagpipe practice 
dog poop on yard|dog poop on steps|dog poop in mailbox 
moves away|but still drives by|and says ""you stink""",no,no
Three things your body does when you meet the love of your life,"heart races|breathing quickens|all hair falls out 
sweaty palms|knees shake|can't stop screaming 
pulse quickens|hands numb|this is a heart attack",no,no
Three ways of perking yourself up when coffee isn’t enough,"nipple clamps|butt clamps|eyeball clamps 
rousing game of Stratego|getting kicked in the crotch|meth 
horse steroids|shark blood|a good breakfast",no,yes
"My high school gym teacher taught me three things: <BLANK>, <BLANK>, and <BLANK>","jump|run|fake injuries 
clear eyes|full heart|we lost sometimes 
math|science|our school was underfunded",yes,no
The three lessons we learned today,"eat right|get 8 hours of sleep|dumb answers win 
wash your face|brush your teeth|hide the money in the yard 
Callbacks|always|win",no,no
The three words that best describe your current mental state,"Too|many|chips 
Sad|Angry|Hungry 
A|bit|gassy",no,no
Three things you’ll find in any fanny pack,"sunscreen|mint chewing gum|zero dignity 
sunglasses|hard candy|a theme park map 
lotion|more lotion|even. more. lotion.",no,no
Three qualities that make a man “marriage material”,"goes to church|has a truck|loves his mama 
tall|dark|handserm 
must love dogs|must love hogs|must wear clogs",no,no
The last three words you’ll say before you die,"I|love|cheese 
I'm|coming|Abe Lincoln 
ew|gross|no",no,yes
Three reasons you ain’t getting into heaven,"sinning|every|day 
stole chapstick|stole a pen|murder 
parking tickets|speeding tickets|caused climate change",no,yes
Three things that will happen on the best day of your life,"ride a rollercoaster|have a baby|eat soft cheese 
kill my enemy|dance on his grave|forgive myself 
find cash|buy lottery ticket|get real close to winning",no,no
The three items you’ll find in the devil’s purse,"wallet|phone|gum 
flames|coal|cell phone 
souls|sins|dirty mags",no,no
The three things that would concern you if they showed up in your dreams,"a giant duck|that knows my name|and is my dad? 
a mannequin|a talking chainsaw|a unicorn with my face 
a werewolf|a Frankenstein|a chorus line of Draculas",no,no
Three things that’ll put you right to sleep,"warm milk|soothing music|five seconds of public radio 
a warm bed|a fluffy pillow|a cartoon knock on the head 
a hypnotist|a car ride|a 12 part WWII doc",no,no
The three things you see right before you die,"someone pointing|a gigantic bird|hungry baby birds 
an angel|Elvis|God and He's mad 
your childhood|your adulthood|the people you disappointed",no,yes
Three things that’ll make you grunt,"heavy lifting|a punch in the gut|a cheap bike seat 
a pig impression|swallowing a quarter|passing that quarter 
bad gas|good gas|someone else's gas",no,no
Three words that could describe your family or a bowel movement,"pushy|uptight|clingy 
hard working|old fashioned|well-meaning 
loosey-goosey|ill-tempered|large",no,no
Three words that could describe the circus or your dad,"intense|nightmarish|tiger-filled 
tent-loving|peanut-scented|overpriced 
archaic|cruel|organ-filled",no,no
Three things you might yell if you’re drunk or have children,"you don't know me|please don't hit me|did you pee? 
where are your shoes?|why are you crying|we're leaving the zoo 
stop kicking|free bird!|I love you",no,no
"Three things that when you see them, you can’t un-see them","surgery footage|a car wreck|those Chipmunk movies 
a cow giving birth|colonoscopy footage|Batman vs Superman 
a subway rat|a hundred subway rats|subway rats in a trenchcoat",no,no
The three worst things to suddenly feel on your shoulder,"bird poop|a lizard|a pimple growing 
a hawk|a bee sting|probably a ghost 
a ghost hand|an angry wasp|hot breath",no,no
"When going through airport security, make sure to remove your <BLANK>, <BLANK>, and <BLANK>","rings|earrings|ring worms 
shoes|hats|hand puppets 
liquids|gels|anything in between",no,no
Three easy ways to look tough,"Flex aggressively|Scream for no reason|Wear a horn helmet 
Crush soda cans on your head|Get some cool scars|tattoo that says ""Very Tough"" 
Ride a motorcycle|Ride a bear|Ride a bear on a motorcycle",no,no
Follow these three survival tips if you’re lost in the wild,"Panic|Run around the woods screaming|Cry like a baby 
Find a pack of wolves|Defeat the alpha wolf|You are the wolf king now 
Start a fire|Boil water|Open small coffee shop",no,no
Three names a kid can call their grandpa other than “grandpa”,"peepoo|dad's dad|the oldster 
grampgramp|pawpamp|mega dad 
silly man|candy giver|gray skull",no,no
"My mom won’t call it a “butt.” She calls it <BLANK>, <BLANK>, or <BLANK>","bumper|caboose|ham sandwich 
rear end|back end|tragic ending 
beauty|perfection|the holy grail",no,no
The three things in your “happy place”,"unlimited pizza|unlimited chicken wings|unlimited antacid 
football pre-game shows|football|football post-game shows 
nothing|but|ice cream",no,no
Three things the world will be dealing with next year that nobody would predict,"bird attack|alien invasion|return of Gangnam Style 
goose storms|cheese lightning|global humming 
toot disease|intelligent hamsters|pudding rain",no,no
Three weird things to make out of wood,"socks|a hat|boxer briefs 
false teeth|a false chin|a false head 
a laptop|a family sedan|memory foam mattress",no,no
"It’s not your WORST nightmare until there’s <BLANK>, <BLANK>, and finally <BLANK>","a clown|a hatchet|an abandoned hotel 
gym class|a ceiling rope|hundreds of people waiting 
an ostrich|my stepdad|a get-rich-quick scheme",no,no
Three new terms for the word “orgasm”,"blast off|bingo|wowza 
jackpot|the bounce house|prime time 
touchdown|home run|hat trick?",no,yes
The three signs that you might be pure evil are...,"you hate kids|you hate dogs|you like smooth jazz 
holy water stings|crosses sting|brimstone is fine though 
you levitate|misery gives you strength|you're always on fire",no,no
Three things you’d change about Superman to make him more relatable,"no powers|no job|wait, that's me 
give him a new costume|like a bat|but like, a rich bat 
has student loans|has a dead end job|loves hard seltzers",no,no
"Three secrets this group, you, right here, are hiding from each other","we're allergic to nuts|we're allergic to cheese|we're allergic to each other 
nothing|we're open books|except im an undercover spy 
we're actually bears|in people clothes|roar",no,yes
Three job titles that sound too good to be true,"cookie tester|president of napping|money spender 
vice-president of snoozing|mayor of cake town|CEO of cheese 
Video game tester|Exercise avoider|Roller coaster pilot",no,no
What is the world’s saddest three-word story?,"Out|Of|Guac 
Pooped|My|Pants",no,no
"The three hottest trends of the summer will be <BLANK>, <BLANK>, and <BLANK>","being outdoors|growing long hair|becoming a sasquatch 
missing spring|missing autumn|not missing winter 
buying telescopes|forgetting abt telescopes|selling telescopes",no,no
The three most important rules of your own private tickle club,"no pictures|no fake laughs|no real names 
must participate|must laugh|must be ticklish 
no shirt|no shoes|that's it",no,no
"The three things you better not bring to a knife fight, chump","a spoon|a sword|bad attitude 
a weak stomach|a dull knife|hemophilia 
a gun|unless it shoots knives|no that's still illegal",no,no
The three things your dating profile pic better have if you want some lovin’,"a tiger|a mullet|a Netflix deal 
a fancy car|a gold chain|lack of humility 
an eagle on my shoulder|an explosion behind me|a permit to do these things",no,no
The original first three words of the Bible,"Whoa!|Total|darkness 
What|to|do? 
Start|this|party!",no,no
The three words that should never appear in the same sentence,"pass|the|spleen 
charity|compassion|xenomorph 
shave|me|grandma",no,no
The three most surprising things hidden under sofa cushions,"missing pants|human soul|chicken sandwich 
your last sofa | coins hidden in second sofa | sandwich 
a mobster|a dead body|cash to forget what you saw",no,no
The three steps to a perfect surgery,"cut|copy|paste 
greet the body|slice the body|heal the body 
chug a Red Bull|watch an ER rerun|just feel it",no,no
"According to old people, the only three things young people do these days",Facebook|Instagram|invent new ways to disrespect,no,no
The three steps to having a successful makeout session,"put on chill music|be emotionally available|try to have fun 
lock eyes across room|heavily flirt|leave family reunion 
light a bunch of candles|realize it's creepy|just get tipsy and smooch",no,yes
The three things you must do on your wedding day,"have fun|take some time together|avoid any witch's curses 
argue over price of open bar|dance|get Aunt Cindy a ride home 
slice cake|smash into each others' faces|hold grudge for years",no,no
"You know you’ve gotten the wrong shampoo bottle when the three-step directions are <BLANK>, <BLANK>, <BLANK>","rinse|lather|kill a whale 
rinse|lather|smite your enemies 
rinse|lather|if u value ur life dont repeat",no,no
The three things you should avoid eating to live ten years longer,"poison|uranium|oddly enough, toast 
your words|your feelings|but mostly your feelings 
glass|metal|anything ""chicken fried""",no,no
The three lies you tell yourself are...,"the toilet isn't leaking|i'll fix it tomorrow|there isn't sewage everywhere 
i don't like the Golden Girls|i didn't order a gray wig|u don't ""have"" to call me Sophia 
i look good in bangs|i can trim my own bangs|i love my shaved head",no,no
The three things you need to be good at to truly get ahead in life,"lying|cheating|combo of lying and cheating 
being born rich|acting like you work hard|that's it 
being good|being honest|realizing that's for suckers",no,no
The three steps to having a perfect little morning,"wake up|figure out where you are|rob the place 
make some coffee|eat some cereal|go back to bed 
struggle with vampire|pull back curtain|reveal sunrise",no,no
"Kids are made of things like “sugar, spice, and everything nice.” What are adults made of?","regret|anger|stuffed crust pizza 
debt|more debt|get rich quick schemes 
retirement funds|lawn care knowledge|Facebook opinions",no,no
Three things you really don’t want your doctor to say during an exam,"ew|what's that thing?|oh god it bit me 
terrible bones|your blood sucks|worst. organs. ever. 
wait|hold on|wrong room",no,no
Three things you always forget when you leave the house,"keys|wallet|pants 
sword|shield|map to dragon's lair 
phone|hat|sense of direction",no,no
Three things that are better when they’re fast,"planes|trains|root canals 
racecars|jet planes|chest waxings 
school recitals|haircuts|racehorses",no,no
Three things you can say to immediately get everyone’s attention,"fire|free tacos|the free tacos are on fire 
I|Pooped|My Pants 
Nobody Panic|It's Okay|But There's a Loose Cobra",no,no
The three signs that you are now... an adult,"hair falls out|hair grows elsewhere|always saying ""huh"" 
start talking about lawns|start talking about taxes|discover public radio 
eat more fiber|in bed by 10|suddenly understand escrow",no,no
"If a picture is worth a thousand words, what three words did your last selfie say?","what's|that|stain 
sadness|depression|taco bell 
I|need|attention",no,no
The three stages of life are simply...,"birth|death|come back as a rhino 
birth|growing/losing hair|death 
pre-high school|high school|missing high school",no,no
The top three ailments diagnosed by old-timey doctors,"bee brains|adventurer's elbow|monster toes 
coal tongue|death poops|evil hair 
wandering ear|excited spleen|haunted stomach",no,no
Three terrifying things to stumble across in the woods,"a bear|a ghost|your past regrets 
a UFO|a vampire|your credit card debt 
a grizzled loner|but he wants to hang out|and talk fantasy baseball",no,no
Say three nice things about <ANYPLAYER>,"I can't|I'm not|actually here 
nice person|i don't have specific examples|but I assume so 
playing Quiplash 3|not winning|but didn't give up",no,no
Three signs you’ve checked into a really bad rental house,"no toaster|no blender|no roof 
no air conditioning|no furniture|p sure it's a gas station 
carpet smells|photographers everywhere|chalk outline still visible",no,no
Three signs that you’re slowly becoming your parents,"clip coupons|wake up early|show love through food 
become passive aggressive|even to dogs|and babies 
eat at buffets|yell at the news|eat a lot of bran",no,no
Three words that will instantly drive you to irrational anger,"pumpkin|spice|anything 
overhead|bins|full 
heard|my|podcast?",no,no
Three weird things to hear a ghost moan in the middle of the night,"Chili's|baby back ribs|barbecue sauce 
who|wants|margaritas 
am i dead?|where's the TV remote?|we're outta peanut butter",no,no
The three best things the internet hath given to us,"puppy videos|instant news|angry uncles 
stock tips|online banking|bankruptcy guidance 
constant news|constant opinions|constant stress",no,no
The three most ineffective things to write in the sand to signal a rescue plane,"Doing|Fine|Thanks 
Get|Outta|Here 
Need Tickets To Lolla|Ask Me About My Honor Student|Keep having a good day",no,no
Three Zoom backgrounds nobody’s asking for,"a sausage factory|toe surgery|an ant farm 
a rerun of Matlock|budget debates|forklift accidents 
a staring clown|a ball of leeches|a closeup of dandruff",no,no
Three things you should never get wet,"smart watch|smart phone|smart people 
sugar|salt|a combination of the two 
my hair|no, seriously|I finally got it how I want",no,no
Let’s be positive! Name three things you’re looking forward to!,"Quiplash 4|Quiplash 5|Quiplash: The Roller Coaster 
a beach vacation|a margarita|getting sand out of my socks 
the next superhero movie|unless it's dumb|it'll probably be dumb",no,no
Three signs you live next door to a mob boss,"bullets all over lawn|constant whacking sounds|makes offers you can't refuse 
constantly paying you off|trash can full of subpoenas|has ""Mob Boss"" pajamas 
spends fortune in rolled up rugs|always digging holes|wipes brow with $100 bills",no,yes
Three of Einstein’s less impressive discoveries,"the dishwasher heavy cycle|a missing sock|a very sexy planet 
strawberry milk|chocolate milk|banana milk 
several magic tricks|the theory of smellativity|Mumford and Sons",no,no
Three things that are the REAL treasures we found along the way,"friendship|family|a big big ruby 
working organs|good credit|nice in-laws 
self-esteem|good posture|callback jokes",no,no
Get positive! What are three GOOD things about being dead?,"no more rent|no more small talk|quiet neighbors 
free dirt|hang with ghosts|no more talking to the living 
no|social|media",no,yes
The three things you need to start that new society of yours,"butcher|baker|candlestick reseller 
Tom Hanks|Tom Hanks' son|Guy Fieri 
money|some property|UN recognition",no,no
Three neutral things to write in a birthday card for a coworker you don’t know that well,"You were born|general congratulations|many wishes 
This is a card|good job|nice desk 
Happy|Birthday|Ron?",no,no
Summarize your last romantic encounter in three words,"rollercoaster|safety|needed 
Asleep|by|nine",no,yes
Three things you can wear to a business meeting to show you deserve respect,"a power tie|a fedora|brass knuckles 
cool glasses|a big mustache|a cowboy hat 
a bunch of rings|a magic amulet|nice shoes",no,no
Three things Mars needs before we can live there,"more oxygen|more water|more taco trucks 
agriculture|entertainment|a mini Las Vegas 
swimming pools|lazy rivers|any water features, really",no,no
"Honestly, the three greatest achievements of mankind have been...","geometry|poetry|calzones 
fat free milk|video chatting|the Grand Canyon? 
electricity|philosophy|drive-thrus",no,no
Three pieces of advice you’d give your younger self,"eat more veggies|but not deep fried|okay, some deep fried 
save your money|save your photos|don't save toenails 
travel more|eat more|write a predictable book",no,no
Let’s get to know each other! Describe yourself in three words!,"cool|suave|delusional 
hungry|sleepy|repeat 
happy|beyond|belief",no,no
Three things you shouldn’t do when you’re angry,"operate a chainsaw|make balloon animals|brain surgery 
officiate a wedding|teach toddlers|get angrier 
try on underwear|shave your legs|talk to the public",no,no
Three words you don’t want to hear someone use to describe your genitals,"rough|and|ready 
fixer-upper|teardown|sewage problems",no,yes
Three things you’d put in a trap as bait for Ben Affleck,"cigarettes|Red Sox tickets|bad decisions 
Dunkin' Donuts coffee|Dunkin' Donuts donuts|the CEO of Dunkin' Donuts",yes,no
Three things you want to touch RIGHT NOW,"hearts|minds|a turtle 
slime|gak|combo slime-gak 
a $10 bill|a $100 bill|honestly, just a living wage",no,no
Three unrealistic goals to set for yourself this year,"lose weight|eat healthy|teach a dog to juggle 
learn nine languages|write an opera|get more sleep 
read a novel|write a novel|eat a novel",no,no
Three secret off-menu items you can order at McDonald’s,"Chicken Cubes|1,000 Pounder|Large drink of ketchup 
Fried iceberg lettuce|bag of stale buns|Sushi 
ribeye steak|baked potato|a glass of scotch",no,no
Three words that could describe both a kiss and a sandwich,"sloppy|messy|unsanitary 
sensual|erotic|beefy 
a little dry|full of tongue|open-faced",no,yes
Three simple truths about humanity,"we stink|we drink|we like dogs 
we're trying our best|our best isn't good enough|we're doomed 
we live|we love|we're mean on Twitter",no,no
The three things standing between you and becoming president,"intelligence|charisma|good looks 
my mother|my father|my dastardly son Guavus 
money|connections|all those crimes I did",yes,no
The three perks to living on a pirate ship,"free food|free jewelry|access to cannons 
salt air|salt water|salt, in general 
free parrot|free cannonballs|occasional curses",no,no
Three nicknames you’d like to have,"Thunder Keg|Blast Zone|Cinnamon Roll 
The Juggler|The Stinker|The Joker 
Mustang|Camaro|Hyundai Sonata",no,no
Three frustrating requests a website captcha can make to prove you’re not a robot,"find all buses|find all crosswalks|find the meaning of life 
find all cars|find all lampposts|find true love 
read the letters|read the numbers|read The Lightning Thief",no,no
Three signs you’re falling in love,"sweaty palms|light fever|constant vomiting 
writing poetry more|like a lot of poetry|and you use a big feather pen 
you bathe more|you cut your toenails now|you stop skulking on rooftops",no,no
Three things you would say to a wolf disguised as your grandma,"what big paws you have|are you howling?|what happened on the rug? 
what big eyes you have|what big ears you have|is that a deer carcass? 
what big eyes you have|what big ears you have|what big fleas you have",no,no
Three things you really thought we would have invented by now,"robot doctors|personal jetpacks|automatic toilet paper 
sausage trees|hamburger bushes|better cholesterol medicine 
robots that cook|robots that clean|robots who don't judge me",no,no
Three things a good parent packs in their kid’s backpack,"a banana|a pen|a trust fund 
a pudding cup|a nice note|keys to a robot 
a comic book|some crayons|deed to the family vineyard",no,no
The three things you MUST consider when buying a wedding ring,"is it too expensive|is it too cheap|how can I steal it? 
is it the right one|are they the right one|will this unite the kingdom 
does it fit|does it glow green|will it give them superpowers",no,no
The three worst materials the Three Little Pigs could’ve built their houses out of,"paper|leaves|bacon 
plastic bags|uranium|pretend bricks 
paper mache|pudding|love",no,no
Three distracting things to yell as someone tries to hit a golf ball,"miss it!|love you!|alley oop! 
free coffee!|I'm your son!|ah, dragon! 
kissie, kissie!|ah, robots!|why don't you love me?!",no,no
Three ways to beat the heat this summer,"stuff your pants with ice|move to Alaska|marry an ice cream millionaire 
keep saying it's a dry heat|think cool thoughts|just give up and melt 
take off clothes|go outside|enjoy air conditioned jail",no,no
The three things space aliens are thinking as they observe us from afar,"they sure like pollution|they spend a lot on clothes|I miss MTV's Road Rules 
they sure get mad a lot|especially about traffic|and everything, really 
they aren't too smart|they're very impulsive|why aren't dogs in charge?",no,no
Three things on your to-do list if you could spend the day with Albert Einstein,"go fishing|play chess|have him build you a spaceship 
talk about life|talk about the cosmos|get some sweet Insta photos",no,no
Three things you can only do in Florida,"visit the Everglades|visit EPCOT|fight a giant mosquito 
see a manatee|swim with a manatee|discover you hate manatees",no,no
Make three bold predictions that are sure to come true in the next year,"dogs will talk|cats will fly|hamsters unchanged 
sky will turn red|oceans will boil|we get a Cheers reboot 
cars will fly|planes will drive|submarines in space",no,no
Three things that happened at the Monster Mash that they couldn’t sing about,"Frankenstein pooped his pants|Wolfman stole some change|Dracula broke his ankle 
The Mummy clogged the toilet|Dracula got mono|They ran out pigs in a blanket 
It was more a bash than a mash|It was at the YMCA|They were all very polite",yes,no
Three questions you MUST ask the owner before buying a house,"how haunted is it?|where's the best place to cry|will they visit? 
what's that smell?|is it Godzilla-proof?|did they film Parent Trap here? 
is that original crown molding?|is it a good school district?|can i buy just half?",no,no
The three questions you must ask yourself before starting a podcast,"are people interested?|am i interesting?|am I gonna do it anyways? 
should it be funny?|should it be scary?|should it ramble on for hours?",no,no
The three most common injuries suffered by Santa Claus,"chimney butt|reindeer lung|mistletoe hives 
bird attacks|zapped by lightning|ungrateful kid bites",no,no
The three things you think the first time you get punched in the face,"ow!|that hurt|why did I fight a kangaroo? 
so this| is|kickboxing 
that hurt|that really hurt|maybe I shouldn't be Batman",no,no
Three things that are considered bad etiquette at the gym,"not wiping machines|using equipment too long|licking the dumbbells 
throwing down weights|taking too long in shower|making a fort from used towels",no,no
Three weird things for a bodybuilder to yell as they do some heavy squats,"Mustard!|Ketchup!|Relish! 
My Basement is Leaking!|Need A Repair Company!|Any recommendations?! 
This|Gym|Is Haunted!",no,no
Three warnings they need to put on the side of beer cans,"may cause headaches|may cause inflated self-worth|may cause rambling conversations 
may cause hangovers|may cause impulse purchases|may cause late night ex texts",no,yes
Your three-step plan for defeating King Kong,"climb Empire State Building|find out why he's mad|hug it out 
dress like a sexy ape|get engaged|leave him altar, devastated",no,no
Three signs you’re becoming boring,"your parties are at 8AM|and you serve 2% milk|everyone out by 9 
you buy a house|get really into your lawn|start a lawncare podcast",no,no
Three weird times to just start yelling “Vroom! Vroom! Vroom!”,"during your wedding vows|at a class recital|after a big race 
while petting a cat|while eating a taco|while hosting NPR 
when grocery shopping|when making a bed|any time not in a car",no,no
Your three-step plan for creating a Frankenstein-style monster,"zap him with lightning|give him a sportcoat|and neck bolts? 
find a big guy|bring him back to life|hope you become pals",no,no
The top three things overheard at nude workplaces,"you can't borrow my chair|turn up the heat|how did you steal a stapler? 
we wore the same thing!|is it casual Friday|where's the disinfectant?",no,yes
Your three-step plan for escaping prison that’s bound to fail,"get a spoon|dig a tunnel|to that nicer prison next door 
collect all the yarn you can|knit an airplane|fly to Hawaii 
say ""I love it here""|until they believe you|they let you go as punishment",no,no
Three ways to stop yourself from crying at a Pixar movie,"think of something awful|like my life|now i'm bummed 
think happy thoughts|think happier thoughts|give up and weep 
take frequent breaks|don't get invested|be dead inside",no,no
"The three act story of your life, so far","I was born|I went to college|it was expensive 
I was a happy kid|a less happy teenager|then I fought a werewolf 
I grew up in a small town|met the love of my life|got a dog last week",no,no
Whoa! Scientists just discovered these three surprising facts about pandas!,"They can fly|They die in sunlight|Nope, that's vampires 
They're too adorable|They hate bamboo|They're made of marshmallow 
They're not bears|They're not cats|They're actually big skunks",no,no
The three actions that’ll get you banned from The Land of Oz,"stealing yellow bricks|breeding flying monkeys|phone scams 
stealing the tin man's axe|calling the scarecrow names|downloading movies",no,no
Three crappy excuses for not getting a kid the bike they wanted for their birthday,"they were out|bikes are too dangerous|it's not your birthday 
bikes were outlawed today|the dog ate it|bikes don't really exist 
the store was closed|I gave you one, didn't I?|I thought you said pike",no,no
Three words that will get you out of any speeding ticket,"I|Am|Batman 
Here's|Some|Gold 
Jedi|Mind|Trick!",yes,no
